<?xml version="1.0" encoding="UTF-8"?>
<project-private xmlns="http://www.netbeans.org/ns/project-private/1">
    <editor-bookmarks xmlns="http://www.netbeans.org/ns/editor-bookmarks/2" lastBookmarkId="0"/>
    <open-files xmlns="http://www.netbeans.org/ns/projectui-open-files/2">
        <group>
            <file>file:/E:/RUBEN%20EVA2/EVA2_10_STACK/src/Principal.java</file>
            <file>file:/E:/RUBEN%20EVA2/EVA2_10_STACK/src/Nodo.java</file>
            <file>file:/E:/RUBEN%20EVA2/EVA2_10_STACK/src/Pila.java</file>
        </group>
    </open-files>
</project-private>
